Country Code,Country Name,1994,1995,1996,1997,1998,1999,2000,2001,2002,2003,2004,2005,2006,2007,2008,2009,2010,2011,2012,2013,2014
AFG,Afghanistan,,,,,,,,,,,,,,,,,,,,,
ALB,Albania,596.4079593,663.7839954,904.3466403,694.6648028,734.8499135,1414.703784,1449.647413,1351.230796,1578.165919,1469.264539,1797.525487,1722.07285,1218.360146,1213.124369,1617.744156,1835.684072,1943.343354,2205.70392,2118.327776,2533.252829,2309.366503
DZA,Algeria,556.4304206,565.4184831,576.0638551,580.9126744,624.0336568,658.7670639,689.2367578,714.7851262,736.1335584,791.523977,808.6081082,895.8423919,867.7413064,899.1041533,951.7034508,869.7001881,1020.070535,1126.957018,1242.063895,1283.610433,1368.621519
ASM,American Samoa,,,,,,,,,,,,,,,,,,,,,
AND,Andorra,,,,,,,,,,,,,,,,,,,,,
AGO,Angola,50.80956952,49.38093061,51.17027674,69.32888696,73.2745471,71.89324917,75.27115611,82.63688638,86.03494183,95.83796201,87.47477842,109.1977007,144.6260702,133.2396989,172.4175925,189.3132094,206.3842586,206.6852326,218.5539218,278.808255,310.0816685
ATG,Antigua and Barbuda,,,,,,,,,,,,,,,,,,,,,
ARG,Argentina,1572.834183,1643.330259,1721.138686,1839.821682,1958.038754,2023.461579,2077.539573,2108.990402,2003.667517,2169.487544,2282.822563,2397.486533,2362.853106,2443.844135,2759.51327,2716.598215,2877.652653,2929.075029,3000.603523,2967.376558,3074.702071
ARM,Armenia,1017.57322,1016.918955,1171.603366,1445.244845,1255.342457,1259.813539,1257.052576,1235.823695,1208.037135,1292.110313,1409.771524,1488.557209,1602.848981,1730.798867,1626.991296,1618.596793,1685.847266,1774.681663,1872.41308,1928.734036,1976.864492
ABW,Aruba,,,,,,,,,,,,,,,,,,,,,
AUS,Australia,8837.004453,9027.88477,9151.392717,9338.471176,9837.816667,10097.13663,10260.44624,10712.69536,10899.75435,10527.29419,10657.90212,10571.42534,10617.15129,10972.88015,10749.11106,10791.61648,10726.92818,10627.29387,10407.74031,10220.8873,10071.39898
AUT,Austria,6205.804904,6344.393087,6607.222977,6620.447862,6706.708677,6972.189816,7076.269483,7333.231953,7427.656445,7695.080037,7808.157792,7977.681597,8244.401952,8207.474739,8233.014833,7944.796096,8382.711154,8425.167753,8548.882199,8509.61158,8355.841952
AZE,Azerbaijan,1961.943251,1952.022486,1852.891923,1813.670143,1936.939214,2022.485985,2040.47909,2106.470066,1996.708252,2235.459856,2281.947872,2388.388734,2552.286214,2118.210528,2040.760435,1620.38742,1603.431374,1705.424633,2052.650965,2092.536521,2202.393918
BHS,"Bahamas, The",,,,,,,,,,,,,,,,,,,,,
BHR,Bahrain,18969.95216,18902.52458,18836.64477,19238.69558,19393.76996,18980.45607,18697.23744,19228.84683,19663.94236,19786.54839,18900.93119,21024.0143,21230.07556,20501.05139,18562.73242,17542.87793,18442.79011,18889.06398,18942.16773,19483.65385,19969.73612
BGD,Bangladesh,69.30768114,76.48989453,80.41584804,82.45709457,87.62331105,95.96478947,103.3644718,113.7612587,121.4628085,127.7698928,163.1604933,173.7318149,194.5819776,203.9949316,205.932668,224.8430049,245.9041709,263.9819899,281.4439959,299.4803504,317.24537
BRB,Barbados,,,,,,,,,,,,,,,,,,,,,
BLR,Belarus,3068.36199,2790.020749,2806.615123,2952.92294,3015.400275,3005.364257,2996.309475,3009.402482,3000.745625,3063.056939,3174.053092,3245.372088,3365.981865,3393.908536,3481.743517,3299.460902,3566.173013,3632.87856,3704.309041,3657.124679,3690.103683
BEL,Belgium,7176.240507,7379.737079,7527.688545,7701.612131,7913.05858,7944.129807,8247.677113,8267.187216,8311.892679,8411.900657,8576.223497,8509.997073,8683.671285,8614.679503,8521.49674,7903.955479,8393.949623,8028.798731,7988.524644,7989.671853,7709.123078
BLZ,Belize,,,,,,,,,,,,,,,,,,,,,
BEN,Benin,37.98497956,40.85000424,43.68248155,47.12678483,44.04494833,50.96788154,57.01610298,60.31579687,67.00949153,63.45303588,69.03493218,72.27509102,73.42938182,77.93924925,84.32073362,85.69079317,92.95225028,89.03620874,90.47263263,93.90099459,97.1281349
BMU,Bermuda,,,,,,,,,,,,,,,,,,,,,
BTN,Bhutan,,,,,,,,,,,,,,,,,,,,,
BOL,Bolivia,322.9906149,341.7726087,360.1036227,378.7348609,395.8040905,409.1691816,407.4409589,408.7543637,422.3318855,429.9257467,439.9823399,469.2138152,499.1269209,530.2151588,519.3008152,537.5414983,586.3094685,617.9153514,642.5917413,682.9341577,728.2229062
BIH,Bosnia and Herzegovina,935.3246525,979.3290383,1085.023073,1277.994579,1610.426485,1653.497917,1822.29294,1851.758264,1873.328236,2008.48185,2109.653717,2197.691081,2212.619447,2236.845651,2843.237497,2785.893882,3068.152716,3270.51445,3413.37055,3402.294199,3360.899316
BWA,Botswana,918.4965654,890.755192,915.1993245,978.7853675,1043.667961,1022.134624,1099.604224,1164.631966,1210.49729,1293.474114,1405.53014,1392.11235,1422.198533,1463.667343,1472.11207,1658.860408,1483.029779,1419.844173,1646.574807,1978.101077,1677.597002
BRA,Brazil,1551.697525,1619.450624,1672.631979,1748.423361,1795.079232,1820.045932,1885.665465,1737.976157,1797.268162,1873.812369,1948.58174,2008.56721,2065.192202,2160.232633,2222.415792,2189.997778,2366.38012,2422.576221,2492.837864,2560.09556,2610.999282
VGB,British Virgin Islands,,,,,,,,,,,,,,,,,,,,,
BRN,Brunei Darussalam,5532.053368,6342.42403,6793.034527,7592.22898,7730.702916,7356.785763,7528.614124,7166.586451,7359.056936,8532.813625,8572.355955,8426.116051,8374.283814,8528.097838,8474.444052,8695.629895,8645.307572,8612.57366,9067.121785,9698.762697,10121.0591
BGR,Bulgaria,3825.386616,4211.125131,4350.443259,3970.131139,3932.401784,3613.367267,3673.606871,3859.090025,3853.819004,3997.902596,3971.822736,4165.180392,4366.912765,4523.322878,4674.503151,4483.747139,4560.414917,4863.691441,4761.912583,4639.706323,4708.927458
BFA,Burkina Faso,,,,,,,,,,,,,,,,,,,,,
BDI,Burundi,,,,,,,,,,,,,,,,,,,,,
CPV,Cabo Verde,,,,,,,,,,,,,,,,,,,,,
KHM,Cambodia,,13.18738319,19.6734001,23.96871331,26.48024347,30.17058736,32.84142436,36.7152659,50.62977147,51.76845581,55.92956747,66.88517333,80.72546671,100.3296368,114.1001706,127.3688271,143.7668674,164.7467371,207.1464511,221.9380236,272.5034428
CMR,Cameroon,172.2331519,164.7788501,170.4563368,180.4725152,177.3713675,182.3936951,180.1665218,169.8158547,159.356211,171.6976903,197.5084546,191.3729248,252.2064118,260.41173,273.8977374,271.3870097,267.5817671,262.0682323,252.7494827,257.3863361,279.9155231
CAN,Canada,16388.2805,16532.38204,16607.20634,16653.67705,16435.78699,16678.9326,17037.07228,16840.19375,16960.63967,17208.52352,17264.73674,16948.27522,16508.33955,16683.13366,16377.4797,15450.73069,15269.74548,15644.54028,15336.62486,15750.81163,15588.48715
CYM,Cayman Islands,,,,,,,,,,,,,,,,,,,,,
CAF,Central African Republic,,,,,,,,,,,,,,,,,,,,,
TCD,Chad,,,,,,,,,,,,,,,,,,,,,
CHI,Channel Islands,,,,,,,,,,,,,,,,,,,,,
CHL,Chile,1583.739096,1741.024844,1922.823898,2066.135653,2174.205571,2390.815746,2497.752869,2627.354922,2726.237575,2896.06379,3063.872155,3097.065645,3226.346569,3346.480727,3347.665409,3306.86876,3318.305248,3596.106646,3820.371057,3893.506112,3895.436156
CHN,China,727.1073597,770.2802412,821.0808591,852.7406865,870.6172223,913.963448,992.9433847,1076.549121,1194.856295,1379.484632,1585.838782,1782.312153,2039.01466,2325.926769,2446.369055,2612.45662,2943.589954,3295.784868,3466.019539,3757.185088,3905.317598
COL,Colombia,922.2432312,932.0240719,922.130149,928.3774035,904.1647079,836.6197328,854.5425127,874.9964701,882.359121,885.5101847,921.5509274,918.4068379,970.661103,998.4163608,998.3724183,1076.095349,1104.491269,1148.560242,1177.569983,1317.965575,1320.34513
COM,Comoros,,,,,,,,,,,,,,,,,,,,,
COD,"Congo, Dem. Rep.",98.23668996,104.5839731,101.6122208,93.27967361,91.27251712,92.53134812,93.56940798,92.34301941,86.62060799,87.19000631,85.37714451,86.66628812,98.62691398,102.0411176,98.21730294,103.7649903,101.7754491,105.0335268,109.0596098,113.6808823,105.2796488
COG,"Congo, Rep.",142.3636868,149.5090451,152.6666063,128.6939959,111.3318076,69.61343659,95.40431968,103.5616288,114.6748368,114.1721512,104.4309192,115.7143017,123.5143207,122.841149,132.7757567,140.9367124,134.9742355,141.5727357,205.3781493,204.0154381,194.3431777
CRI,Costa Rica,1256.465754,1271.531794,1241.714836,1352.348398,1307.367076,1429.475859,1500.555515,1478.823514,1550.22664,1633.95494,1668.54778,1709.034551,1809.202562,1870.487491,1872.756097,1827.913183,1869.651417,1866.482504,1922.901123,1919.844058,1922.883198
CIV,Cote d'Ivoire,145.7729644,175.1082381,160.0167876,169.7374052,183.8074177,172.4592121,170.4200142,178.0757704,172.1340042,169.4040406,168.0246049,166.1024928,175.7239344,180.9998133,189.4840408,194.5084773,209.0431449,192.0426896,229.842633,229.2019482,270.5740305
HRV,Croatia,2203.127069,2314.703584,2405.039875,2609.968864,2631.430882,2778.887634,2828.815062,2993.272463,3191.409738,3257.889868,3429.354644,3582.246073,3744.468715,3846.674077,3990.29632,3818.422501,3922.310867,3900.601361,3819.280253,3754.268698,3714.382988
CUB,Cuba,894.4442776,916.1043363,972.3588303,1039.449528,1045.881195,1081.923966,1140.035861,1160.503871,1188.266732,1196.601512,1177.964693,1156.666205,1227.284797,1300.279231,1318.747506,1328.082452,1295.700593,1325.195531,1372.853645,1430.630833,1447.666993
CUW,Curacao,5883.979811,6090.713041,6301.860484,6280.791529,6769.477823,7000.028689,7291.199761,7222.174867,7282.999884,7521.02019,7571.241207,7613.070072,7243.041936,7323.540845,7149.712092,7423.399372,7471.268233,7379.119677,5062.858345,4934.274681,4797.670436
CYP,Cyprus,3031.580543,2762.001721,2795.270312,2846.888646,3077.646339,3159.081151,3355.701159,3438.947794,3683.590004,3891.637927,3914.854852,4062.437926,4198.257027,4335.708226,4509.378519,4523.958256,4516.299219,4164.752691,3960.033064,3516.805945,3548.868092
CZE,Czechia,5186.969442,5470.670661,5729.386255,5660.060028,5604.80954,5493.85153,5703.816739,5892.172595,5894.233119,6074.849142,6230.398228,6357.421095,6528.53015,6518.217413,6489.126257,6139.35206,6348.424398,6298.727678,6304.571923,6284.790806,6258.891037
DNK,Denmark,6539.535706,6424.537292,6646.685948,6607.201412,6504.256329,6508.513381,6482.488628,6490.092993,6533.752014,6602.63638,6615.569959,6659.000427,6824.745939,6668.390266,6534.12385,6219.701092,6327.506456,6165.97362,6038.552307,6039.432,5858.801536
DJI,Djibouti,,,,,,,,,,,,,,,,,,,,,
DMA,Dominica,,,,,,,,,,,,,,,,,,,,,
DOM,Dominican Republic,528.3576996,498.4908675,634.7729258,638.0308601,1092.231632,1270.422644,1316.974037,1277.765473,1379.290585,1354.618888,1119.966578,1225.562938,1320.850721,1349.895971,1368.483793,1315.912078,1383.320265,1415.021421,1484.415827,1535.091239,1597.142222
ECU,Ecuador,543.1079487,547.0656824,608.3962246,652.7448903,686.4926847,636.3173324,637.6268591,650.3434154,692.3166319,719.4848218,827.5830681,797.7480339,865.5826397,955.8067435,1080.307602,1107.322737,1139.591256,1212.516722,1276.230258,1328.055372,1375.862154
EGY,"Egypt, Arab Rep.",707.4854761,724.0492249,779.376924,815.7330788,856.2661161,909.6255477,942.1985182,990.6215369,1036.767076,1099.280519,1138.831734,1205.281396,1271.182184,1355.493646,1396.747607,1458.753776,1494.915676,1597.543876,1596.464267,1595.17419,1592.219894
SLV,El Salvador,462.6703704,494.9379762,506.6291309,546.6708702,562.0991242,580.8720407,607.7051168,620.230641,661.7564493,689.9127554,688.740493,757.2273224,823.1092351,891.1123865,864.6859585,855.3339677,866.8581169,891.1013534,927.078733,971.4432229,949.9919962
GNQ,Equatorial Guinea,,,,,,,,,,,,,,,,,,,,,
ERI,Eritrea,69.03304774,68.60681803,74.64423629,80.73099516,70.17534796,74.68776483,71.8799104,78.8000619,84.79153843,87.81219497,85.04816984,85.46006472,80.55295437,83.72725011,80.51157454,84.30915779,86.41155983,89.47583373,92.84891207,94.64965521,96.28621076
EST,Estonia,4354.830108,4244.644078,4556.391169,4811.598138,4733.954908,4460.368108,4540.492561,4680.447946,4767.462935,5158.602778,5429.525522,5531.545829,5869.424789,6277.411463,6364.56783,5975.953811,6506.318181,6314.414448,6689.367776,6664.658569,6732.367473
SWZ,Eswatini,,,,,,,,,,,,,,,,,,,,,
ETH,Ethiopia,23.48067324,23.90540724,24.31435827,23.72884899,23.56798627,22.74208756,22.48184434,26.23917739,25.8887965,28.2360641,30.34487206,33.04507529,36.91757104,38.9286404,40.29299014,41.41520111,47.43506033,51.59123116,56.1665231,62.93495288,68.05233164
FRO,Faroe Islands,,,,,,,,,,,,,,,,,,,,,
FJI,Fiji,,,,,,,,,,,,,,,,,,,,,
FIN,Finland,13603.27636,13591.39667,13721.92376,14454.93873,14846.42082,15075.86719,15305.40981,15709.88325,16140.06697,16445.57256,16777.56585,16117.89033,17215.03729,17160.86312,16349.23333,15243.11039,16484.09428,15710.97376,15689.22331,15510.8355,15249.98938
FRA,France,6530.36863,6621.746238,6904.768053,6832.555988,7014.743792,7148.386845,7223.473452,7341.065258,7297.953479,7528.088823,7660.0972,7651.768968,7539.47998,7512.932678,7642.891013,7337.60702,7734.361875,7232.708161,7363.151181,7367.441453,6939.943525
PYF,French Polynesia,,,,,,,,,,,,,,,,,,,,,
GAB,Gabon,740.6655566,746.0132411,821.3099067,828.9498443,888.5531214,872.849309,849.2185383,866.377364,889.1731063,896.6931177,875.0202878,873.588219,899.8132488,921.4246722,931.8878135,894.4435642,908.7694794,919.0409027,941.9041163,1031.423185,1118.536954
GMB,"Gambia, The",,,,,,,,,,,,,,,,,,,,,
GEO,Georgia,1988.595713,1492.360429,1150.78949,1331.520883,1517.812559,1563.795947,1574.391404,1583.559873,1653.380721,1749.863857,1814.45966,1916.479029,1769.171675,1829.976908,1881.537211,1833.044561,2049.544524,2289.134849,2329.92587,2498.340357,2693.97276
DEU,Germany,6244.957228,6327.709754,6403.333726,6427.798768,6479.490249,6505.132999,6635.421406,6762.653396,6900.780527,7009.726492,7108.962524,7138.221485,7212.437448,7229.089913,7187.764009,6817.158398,7264.322591,7281.272174,7270.152523,7217.529089,7035.482975
GHA,Ghana,326.6855053,341.0197241,354.0683961,379.1868203,265.1924892,347.8684207,319.7477491,324.8235988,298.4344691,212.0067058,210.6229564,235.4096784,284.0866536,233.7154214,253.1027699,251.9762723,268.859259,305.312448,331.2140746,363.4071951,339.1927426
GIB,Gibraltar,3775.383036,3830.439224,3892.182896,3918.154114,4052.684904,4188.481675,4361.77499,4400.995635,4481.571777,4593.477262,4596.740493,4836.220202,4934.599655,5000.666756,5296.401079,5483.630228,5501.887275,5236.427873,5317.164179,5646.231218,5916.43042
GRC,Greece,3598.523798,3708.997588,3832.66722,3989.116107,4175.734566,4316.32629,4586.32987,4719.147217,4909.639698,5091.292424,5200.024354,5297.200025,5434.576469,5701.330854,5805.192546,5627.883706,5333.439556,5389.333122,5534.897159,5028.995794,5062.606422
GRL,Greenland,,,,,,,,,,,,,,,,,,,,,
GRD,Grenada,,,,,,,,,,,,,,,,,,,,,
GUM,Guam,,,,,,,,,,,,,,,,,,,,,
GTM,Guatemala,269.9869549,299.121611,261.9355787,242.7615981,317.1221998,365.5708147,332.1897665,359.5987555,364.8481937,453.8742172,486.9064354,486.1645073,540.4390869,552.4961496,540.8572883,549.9211082,556.0430604,550.2869363,550.2659935,578.9026189,601.1897311
GIN,Guinea,,,,,,,,,,,,,,,,,,,,,
GNB,Guinea-Bissau,,,,,,,,,,,,,,,,,,,,,
GUY,Guyana,,,,,,,,,,,,,,,,,,,,,
HTI,Haiti,18.96851107,30.67920616,34.36031201,42.70279913,37.46481781,39.71279608,36.2430437,35.59794204,30.94135851,29.050486,28.56668127,37.64308212,37.98716379,25.68776878,23.91583215,36.1744009,24.78949251,31.74503672,46.79212298,44.43922089,39.56691514
HND,Honduras,298.9597968,347.5070327,394.5420017,407.3818967,437.0268416,439.2218132,482.3693333,489.1880663,509.9781934,533.0551838,531.5974048,565.3957446,575.5822961,625.6576156,646.2779709,614.8138608,608.0985378,653.0585547,625.6563221,631.5385133,608.1390944
HKG,"Hong Kong SAR, China",4835.470723,4849.823752,4915.701966,4968.486586,5325.733148,5268.145009,5446.661665,5549.945638,5647.899646,5713.882451,5782.560625,5878.441848,5882.807601,5907.349305,5883.037742,5950.83754,5973.349278,5959.895922,6031.244318,5941.160902,6083.269936
HUN,Hungary,3025.71071,3066.522154,3162.374877,3188.381968,3215.679628,3321.406628,3309.283711,3426.722902,3545.170756,3637.278332,3680.168467,3771.364614,3882.490664,3976.518977,3988.767694,3773.153807,3876.491084,3898.823143,3923.042324,3892.113701,3965.958233
ISL,Iceland,17066.32183,17396.4736,17358.58037,18957.83541,21321.16024,24522.22755,26201.52558,26950.39443,27896.89868,27666.38689,28215.45225,27988.02968,31328.3868,36852.54489,50063.95433,51259.18763,51439.90869,52373.87701,53202.83366,54799.17471,53832.47909
IND,India,341.3540525,358.6295603,359.4810859,374.9474116,385.1269668,391.1196337,392.5101757,392.3609036,408.7769006,428.2132845,448.9720155,465.1766773,506.2225086,538.7865959,558.4267535,595.6056558,637.1258442,692.779357,718.2959462,758.1106752,797.349232
IDN,Indonesia,238.8003402,262.0165416,295.0284628,328.3812465,327.7180762,352.9909514,385.7573041,406.3792992,412.266143,423.5294457,468.804367,495.1462105,510.5147263,540.3769249,564.1504172,588.1244752,630.298386,674.8207384,728.1833488,769.4967668,808.4189721
IRN,"Iran, Islamic Rep.",1169.227711,1196.697567,1293.037294,1342.91428,1391.317727,1474.267172,1548.370667,1638.41386,1744.170926,1893.364284,2006.308159,2067.107978,2198.72787,2275.930926,2383.003643,2458.724412,2603.090952,2621.511809,2720.355557,2759.482006,2927.790204
IRQ,Iraq,1325.953339,1365.563698,1321.990901,1305.821519,1264.884516,1224.143639,1183.976943,1181.286797,1201.165035,985.3771625,1135.577697,784.7398159,932.3450637,761.5954105,747.4404554,825.6121686,1176.783851,1247.140772,1074.607833,1334.176958,1243.846759
IRL,Ireland,4351.064203,4525.275566,4787.890617,4976.632824,5201.610905,5433.864939,5796.055581,5896.939225,6035.686646,6092.548994,6168.398988,6241.715574,6351.099111,6218.313404,6340.733045,5947.909489,5927.86868,5657.538159,5651.008483,5698.756179,5672.064134
IMN,Isle of Man,,,,,,,,,,,,,,,,,,,,,
ISR,Israel,4934.247083,5127.86294,5340.302178,5488.519534,5819.460727,5974.367347,6323.103832,6400.217425,6502.739726,6597.306307,6525.921574,6572.199535,6711.229567,7003.24508,7134.002846,6607.887143,6953.276667,6930.000773,7184.501612,6710.093678,6600.89828
ITA,Italy,4439.319253,4597.892598,4658.700157,4791.285246,4955.721944,5079.492406,5299.856479,5406.491722,5539.703837,5652.519542,5687.997573,5731.101557,5833.467297,5804.325964,5757.960611,5368.390567,5493.711037,5514.803615,5397.741477,5159.183655,5002.40668
JAM,Jamaica,1713.642559,2071.0361,2126.026593,2183.600957,2265.805624,2295.600113,2313.371271,2320.4039,2394.016626,2461.687489,2434.662751,2453.618284,2428.931538,1974.662569,1190.540733,1255.14206,1250.23044,1239.909124,1068.54911,1044.307712,1084.917705
JPN,Japan,7509.530429,7693.692617,7835.41274,7991.00407,8003.955696,8147.38887,8299.409506,8162.014644,8266.099102,8164.933682,8393.257723,8539.010589,8542.478139,8710.025703,8270.007731,8020.273806,8594.909034,8099.598695,7998.346771,7988.58331,7819.714636
JOR,Jordan,1084.576896,1141.269056,1185.155997,1188.085764,1248.0382,1270.710141,1306.521492,1337.901462,1412.748515,1452.340637,1565.317764,1602.526286,1655.65312,1724.580854,1826.3579,1842.343912,1933.270988,1990.300957,2151.316518,2052.941111,1921.107652
KAZ,Kazakhstan,4327.140626,4040.972309,3636.54991,3173.647755,2948.716928,2838.353326,3169.523341,3512.035501,3558.327279,3768.792568,3859.192816,4012.073919,4261.212294,4487.28613,4658.571898,4447.324403,4728.011591,4892.734896,5180.65351,5345.468427,5600.208465
KEN,Kenya,128.4163494,129.8442944,132.3520764,130.0580195,130.8628612,120.9739494,108.1629268,117.6402405,116.4740883,121.8937166,128.9095522,130.9599836,138.5230861,141.8889337,141.0165312,141.6593277,149.6704012,150.6034552,152.564369,163.5992989,167.4380987
KIR,Kiribati,,,,,,,,,,,,,,,,,,,,,
PRK,"Korea, Dem. People's Rep.",903.7682267,884.7677357,807.3193535,721.1079435,624.0543414,678.661525,699.0182205,723.3167076,704.3620656,743.3865029,772.4771002,800.4238168,779.3854709,743.9901273,798.4373073,723.592681,738.8268091,653.0881941,650.6810373,617.2750871,600.0525907
KOR,"Korea, Rep.",3495.488731,3881.024437,4280.71094,4651.628883,4436.174407,4878.833384,5906.959333,6309.203405,6673.937704,6977.317662,7390.794147,7796.314674,8039.796283,8462.206543,8772.287463,8877.574933,9716.126081,10129.95709,10305.32898,10384.62216,10496.51367
XKX,Kosovo,,,,,,,1557.058824,1968.075789,1953.815697,1908.461924,2111.318521,2169.095663,2225.018842,2395.863861,2644.526129,2558.084877,2649.689133,2946.957007,2859.821173,2917.304002,2818.337231
KWT,Kuwait,12766.99982,12755.99285,13311.07873,13502.37416,14666.312,14968.89093,14867.42733,15326.80549,15806.66652,16856.48292,17050.53353,17342.28683,17842.87019,17074.5689,17063.82288,16669.70721,17033.61741,16023.47459,15837.21271,14694.56616,15297.81071
KGZ,Kyrgyz Republic,1896.303515,2074.37944,1965.690087,1802.870284,1684.000839,1795.306173,1696.064021,1445.875715,1365.94065,1644.359844,1417.908986,1374.307519,1377.433696,1456.229595,1378.720364,1323.723367,1371.721214,1649.258332,1809.102582,1887.020071,1941.221832
LAO,Lao PDR,,,,,,,,,,,,,,,,,,,,,
LVA,Latvia,1973.228518,1997.138093,1992.900926,2056.435022,2129.858727,2072.803727,2082.321387,2213.360603,2307.186518,2493.930169,2607.45996,2777.38198,2966.609973,3169.077295,3213.12144,3026.611489,3229.951062,3264.05332,3587.932866,3472.541385,3507.404521
LBN,Lebanon,1133.188483,1196.320878,1611.454739,1887.986296,2258.791074,2225.871878,2235.547402,2255.536316,2384.932891,2435.176468,2404.915453,2413.502866,2316.380302,2375.661384,2495.082978,2653.331004,3020.136915,3040.005899,2660.506645,2880.512273,2583.378464
LSO,Lesotho,,,,,,,,,,,,,,,,,,,,,
LBR,Liberia,,,,,,,,,,,,,,,,,,,,,
LBY,Libya,1904.209514,1851.232489,1867.816748,1882.160092,2187.930765,2270.463531,2309.30843,2327.178825,2836.64667,2989.188728,3118.558863,3404.77007,3737.42188,3716.638044,3070.46627,3030.569365,3209.340498,2866.293091,2400.053153,2450.536079,1889.545086
LIE,Liechtenstein,,,,,,,,,,,,,,,,,,,,,
LTU,Lithuania,2498.944532,2538.644546,2735.441037,2727.727637,2825.884653,2702.428156,2516.905098,2695.906268,2848.913483,3087.655148,3196.849344,3187.03108,3353.304327,3564.206785,3733.626495,3622.290317,3470.78503,3529.918778,3607.703798,3663.671197,3821.14517
LUX,Luxembourg,13665.07415,14920.77088,14629.73022,15134.10418,15460.32494,14990.41756,15668.11827,15616.32977,15980.2768,16258.88449,16300.11242,15644.14672,16456.60412,16352.3218,15937.78778,14425.96473,16829.96254,15586.08423,14703.94353,14193.16843,13914.67845
MAC,"Macao SAR, China",,,,,,,,,,,,,,,,,,,,,
MDG,Madagascar,,,,,,,,,,,,,,,,,,,,,
MWI,Malawi,,,,,,,,,,,,,,,,,,,,,
MYS,Malaysia,1820.539114,2039.490908,2222.624904,2508.379383,2560.550765,2682.771941,2776.883132,2777.867804,2828.255382,2909.891428,2967.562745,2847.913957,3030.018054,3227.928921,3235.216974,3874.728339,4071.944263,4027.668048,4251.958819,4420.469658,4539.499326
MDV,Maldives,,,,,,,,,,,,,,,,,,,,,
MLI,Mali,,,,,,,,,,,,,,,,,,,,,
MLT,Malta,3735.355406,3921.371208,3790.42129,3827.153721,3921.751837,4197.864688,4311.858637,4292.315051,4500.3523,4872.272205,4797.292583,4912.90976,4897.510042,4873.083467,4836.593963,4434.186633,4767.097378,4867.0568,5002.047483,4915.873765,4924.544019
MHL,Marshall Islands,,,,,,,,,,,,,,,,,,,,,
MRT,Mauritania,,,,,,,,,,,,,,,,,,,,,
MUS,Mauritius,857.2614719,945.2477912,1021.167623,1108.610762,1205.596934,1226.955237,1363.24611,1453.664547,1473.492493,1561.765991,1614.246648,1683.690833,1743.117482,1816.671103,1881.649775,1907.12257,1995.361484,2025.704166,2075.035712,2147.860837,2182.035001
MEX,Mexico,1430.35525,1446.633535,1468.971073,1551.601195,1665.395412,1709.35096,1819.349523,1850.830704,1857.99072,2013.749166,1937.624943,2007.04836,2033.684424,2063.932262,2067.794654,2020.712795,2046.82383,2246.91125,2283.071355,2172.175888,2186.375822
FSM,"Micronesia, Fed. Sts.",,,,,,,,,,,,,,,,,,,,,
MDA,Moldova,2762.852623,2606.325342,2463.277319,2318.474956,2313.960726,2168.48164,2038.521979,2245.612352,2330.162448,2615.736164,2440.243051,2548.299835,2695.622685,2484.431856,2524.022834,2166.33109,2144.039486,1829.62276,1884.751518,1683.476957,1725.094172
MCO,Monaco,,,,,,,,,,,,,,,,,,,,,
MNG,Mongolia,1067.994491,1075.81145,1067.019427,1037.463299,1046.505246,1019.976216,1030.608585,1048.288826,1074.313211,1117.842806,1176.540585,1235.906543,1287.364765,1326.735858,1422.612284,1381.475997,1498.23128,1510.238205,1606.532708,1918.350261,2032.159729
MNE,Montenegro,,,,,,,,,,,,6314.905228,6451.770253,6564.643799,6287.187849,5010.561319,5419.51607,5741.203943,5415.717989,4574.964545,4612.34139
MAR,Morocco,427.5319427,437.5344561,439.977743,457.0553735,485.3585542,457.8202567,494.1442505,528.4807721,538.8061771,584.0275888,613.9554242,634.9586694,687.5420775,715.6937425,731.2472214,743.0668601,773.0511123,822.7646381,873.9461592,879.1390319,902.9565381
MOZ,Mozambique,44.39117801,45.84852801,45.52365355,54.0500495,48.74965986,68.86649952,125.2215648,277.3765861,266.7565876,377.2915419,453.8343391,457.3226394,466.6284915,468.3157779,452.1740356,452.8303232,462.3007739,462.533892,467.0116656,456.56276,483.4726029
MMR,Myanmar,55.3179009,58.53519385,59.00048888,66.01921594,66.47020629,69.82428436,77.20967909,70.1730351,74.95659983,82.02574304,82.59671219,76.77403066,90.56261824,91.62845942,96.47136438,101.8650381,127.3511678,158.089679,159.7230167,189.7791939,220.3928554
NAM,Namibia,975.3286761,966.7553274,1042.988583,993.3606655,1083.554681,1147.177858,1037.852481,1070.888741,1105.095246,1147.526006,1429.819233,1502.395733,1594.214717,1602.293223,1642.832756,1593.389296,1601.031977,1629.196094,1681.684176,1714.666751,1674.988107
NRU,Nauru,,,,,,,,,,,,,,,,,,,,,
NPL,Nepal,39.82610308,42.41092954,44.76831934,45.16242278,47.84138329,53.51412825,57.33015737,62.91054389,65.92405912,68.87849304,72.75813515,75.47999609,82.39384552,86.5474979,82.80774348,96.42230691,101.9823341,114.8666533,119.3895772,134.3240002,143.5068381
NLD,Netherlands,5643.106948,5719.061109,5905.992197,6066.243238,6257.890883,6349.319584,6507.105925,6599.26537,6641.740762,6695.715124,6882.970221,6912.372085,7025.834479,7157.378577,7173.046299,6856.281897,7006.273821,7060.053768,6876.589753,6833.911435,6712.774758
NCL,New Caledonia,,,,,,,,,,,,,,,,,,,,,
NZL,New Zealand,8927.900552,9106.822018,9072.883173,9090.524423,9125.032765,9138.744752,9384.348187,9417.343126,9526.655692,9407.032181,9666.299694,9673.673771,9700.090809,9640.607983,9556.317198,9403.848836,9601.903142,9458.485401,9360.949162,9089.619774,9012.731097
NIC,Nicaragua,274.7953629,286.7472171,306.5004485,344.9781677,337.1157845,324.9583455,341.1915392,340.4737824,349.6858532,365.203336,390.9975506,411.2066743,423.5226123,457.0702599,470.1336769,475.3373067,503.779714,524.8585919,564.7856012,581.1047167,562.2776901
NER,Niger,,,,,,,31.92039003,30.08786154,29.78360644,29.22301657,32.91716806,36.08747923,34.31912526,38.52899001,38.6925415,42.08776515,43.73017688,46.92441963,48.90164292,47.87382582,50.84654595
NGA,Nigeria,95.41409171,91.28586906,85.68247161,81.76380558,76.72430856,75.49151884,74.1461367,75.1153297,103.8639119,100.9917375,122.3339105,127.8305054,110.3653159,137.0790198,125.4802832,118.8857236,134.3499018,147.7846401,154.172314,140.3110169,142.1292221
MKD,North Macedonia,2707.749672,2796.421709,2913.912465,2999.19524,3078.420521,2866.431813,2907.691169,2811.956664,2794.832283,3149.834737,3181.234945,3413.105007,3488.825759,3660.280912,3712.935378,3452.04082,3601.452844,3909.083092,3704.433287,3571.165563,3513.954972
MNP,Northern Mariana Islands,,,,,,,,,,,,,,,,,,,,,
NOR,Norway,24247.26394,24528.44386,23998.84419,24326.03424,25424.10364,25057.1896,24993.7263,25590.68943,24620.33613,23201.39413,24214.10698,25083.21453,24099.93226,24855.00046,24866.13431,23859.70958,24890.92401,23510.38383,24070.98592,23806.88488,22999.9346
OMN,Oman,2515.378396,2618.895075,2652.539098,2789.915158,3026.678194,3005.707861,3097.788507,3320.48514,3421.034348,3483.303175,3793.256388,3917.792359,4245.798624,4474.037687,4971.279066,5599.552481,5826.683239,5934.758815,6111.304542,6122.860706,6474.500202
PAK,Pakistan,320.0429844,330.2646754,329.8798607,331.549646,312.9654845,322.169567,334.1713118,336.3444574,340.9288436,362.734925,379.1475138,408.7179131,429.4491316,423.9010749,389.6425442,403.154329,408.0029046,399.3399124,396.2694237,426.4343998,419.6845943
PLW,Palau,,,,,,,,,,,,,,,,,,,,,
PAN,Panama,1020.897014,1072.1385,1094.311385,1184.232487,1191.954601,1231.006551,1278.595584,1301.198553,1336.114502,1371.319157,1435.570009,1465.87825,1488.167245,1582.054392,1636.494514,1648.61886,1754.324477,1833.450177,1963.587477,2025.876371,2070.822489
PNG,Papua New Guinea,,,,,,,,,,,,,,,,,,,,,
PRY,Paraguay,727.2038068,812.7861558,823.702075,861.9242225,869.3092992,888.9718348,918.4555504,906.6416248,921.9689655,879.465088,872.1782523,914.0243767,978.738589,1050.241094,1107.145464,1174.381955,1268.762526,1381.26014,1473.328649,1585.839473,1682.066869
PER,Peru,525.3664869,537.198677,577.7020267,593.8801799,626.7665331,637.8884483,661.3157381,686.361742,720.9569532,745.9995516,784.9741831,821.3230791,874.1387484,957.7143134,1033.528043,1040.355091,1099.7082,1253.556881,1227.983351,1289.831431,1334.192046
PHL,Philippines,380.4418675,401.8889807,431.3061297,464.2538494,479.6359251,467.9139406,499.5624387,519.1389164,522.8111085,556.1661702,575.9536616,576.7363677,567.6559539,580.6409162,582.3522789,585.5167858,633.3906402,638.3364356,658.5685412,677.2811187,690.7659626
POL,Poland,2993.177532,3060.888875,3159.041817,3206.237778,3206.591771,3171.757384,3256.180455,3260.033263,3208.392157,3324.471392,3416.118632,3437.323998,3584.962188,3661.646104,3725.748778,3590.832081,3797.092296,3879.542094,3899.176642,3938.255208,3971.799761
PRT,Portugal,2870.833031,3076.846048,3195.864047,3352.465833,3545.010352,3795.22928,3988.960824,4119.670488,4271.168528,4375.732217,4533.539695,4682.991013,4827.467182,4890.560188,4850.837413,4843.849694,4959.094305,4848.279337,4736.351771,4685.054787,4662.6008
PRI,Puerto Rico,,,,,,,,,,,,,,,,,,,,,
QAT,Qatar,10895.11727,10704.03177,11682.23858,11727.39838,13074.07784,13024.57843,13160.7262,13636.67835,14268.36758,14929.36108,15832.77952,15761.56756,15630.60312,14671.72879,13907.30449,14060.34004,15393.60282,15971.32423,17116.90438,15971.00665,16415.25154
ROU,Romania,2234.735085,2328.794358,2430.301529,2250.999801,2107.445463,1935.560812,1987.66019,2066.783933,2079.796062,2237.937816,2295.570505,2365.419564,2446.286077,2529.906888,2605.819735,2390.574743,2550.863291,2639.033434,2604.243137,2494.533918,2584.411787
RUS,Russian Federation,5188.213955,5101.553396,5016.444066,4935.619905,4848.027353,4998.825661,5198.405704,5274.363305,5304.41526,5478.130458,5633.8455,5770.100636,6098.533476,6286.049392,6399.683749,6095.380276,6409.894365,6485.75903,6617.134161,6539.207375,6602.657479
RWA,Rwanda,,,,,,,,,,,,,,,,,,,,,
WSM,Samoa,,,,,,,,,,,,,,,,,,,,,
SMR,San Marino,,,,,,,,,,,,,,,,,,,,,
STP,Sao Tome and Principe,,,,,,,,,,,,,,,,,,,,,
SAU,Saudi Arabia,4794.65718,4864.719977,4871.181663,4991.429343,5287.267164,5394.946896,5432.676533,5709.427029,5830.596309,6306.378337,6210.34538,6457.385803,6604.29652,6622.899608,6796.865572,6990.535707,7435.044468,7514.490839,8043.075585,8385.611586,9047.685513
SEN,Senegal,110.6095202,110.0469252,110.9298967,118.543377,123.3058138,119.4273732,103.5624771,125.7794933,148.8073313,128.8034391,141.7930474,161.9273528,161.2303653,186.0104088,162.7231158,194.5874831,205.2653761,206.2771632,218.2615213,218.3064684,232.7078258
SRB,Serbia,3411.148213,3789.986489,4132.561211,4291.317805,4302.99911,3979.363962,4198.715706,4434.370241,4480.344352,4332.679062,4258.251568,3921.906459,4040.44002,4159.137225,4291.843158,4224.397665,4358.812174,4489.57085,4386.534552,4444.222971,4271.744667
SYC,Seychelles,,,,,,,,,,,,,,,,,,,,,
SLE,Sierra Leone,,,,,,,,,,,,,,,,,,,,,
SGP,Singapore,5842.562023,6069.219346,6312.685523,6829.225629,6965.754086,7187.671378,7575.435954,7516.1696,7756.318921,8113.587306,8314.325321,8678.168168,8720.022084,8706.579067,8401.048395,8114.367449,8679.99335,8651.755275,8673.985216,8680.606361,8844.687593
SXM,Sint Maarten (Dutch part),,,,,,,,,,,,,,,,,,,,,
SVK,Slovak Republic,4582.581961,4925.961381,5150.407724,5068.08939,4682.297576,5028.706343,4955.907896,5027.452807,5051.59839,5021.798222,5097.835556,4932.803281,5153.121484,5272.370783,5294.435099,4954.138251,5201.404897,5347.526223,5137.789018,5202.467288,5137.073835
SVN,Slovenia,5240.160186,5312.904549,5365.50828,5434.662198,5574.706466,5675.615026,5777.995651,6006.34519,6380.951903,6578.034236,6830.705073,6917.860467,7123.537771,7137.824175,6920.244039,6104.421845,6510.841884,6753.073664,6718.975052,6779.280887,6727.999302
SLB,Solomon Islands,,,,,,,,,,,,,,,,,,,,,
SOM,Somalia,,,,,,,,,,,,,,,,,,,,,
ZAF,South Africa,3814.229191,3916.511413,4450.892638,4574.026288,4388.887539,4275.582097,4399.393967,4151.052026,4385.278235,4428.504645,4470.378174,4529.414982,4626.305844,4766.652371,4592.628711,4368.117984,4492.77503,4528.050043,4340.367989,4270.810409,4183.82749
SSD,South Sudan,,,,,,,,,,,,,,,,,,,39.15300921,40.06831964,41.02277263
ESP,Spain,3756.039201,3917.324643,4008.939416,4324.420646,4479.047315,4820.675034,5167.809673,5422.51569,5576.546265,5676.140491,5892.307411,6111.219223,6105.075849,6054.374438,6025.772757,5652.595933,5706.563063,5599.377374,5573.401182,5409.411338,5355.987006
LKA,Sri Lanka,200.5913475,216.5305685,204.9937929,230.092238,249.2349736,262.929402,294.8386565,290.6934492,302.3436025,324.9205571,352.4806609,397.4816134,399.5328601,415.3664675,420.0507719,417.6740928,450.6362007,491.0415243,509.5363324,512.1202422,519.5518887
KNA,St. Kitts and Nevis,,,,,,,,,,,,,,,,,,,,,
LCA,St. Lucia,,,,,,,,,,,,,,,,,,,,,
MAF,St. Martin (French part),,,,,,,,,,,,,,,,,,,,,
VCT,St. Vincent and the Grenadines,,,,,,,,,,,,,,,,,,,,,
SDN,Sudan,59.19757945,58.43558702,59.17294164,55.57288488,54.09693596,80.08843823,82.51335528,69.32060941,81.35560859,86.27485843,87.1961445,102.9770001,114.5947868,123.2400344,134.0704098,153.8174141,179.3423834,195.1793547,217.3505463,220.2791032,263.5174293
SUR,Suriname,,,,,,,2227.566712,2306.142464,2475.457264,2399.85708,2506.992158,2675.215993,2674.211673,2680.198354,2936.67055,2931.552056,2887.855259,3214.729438,3214.414337,3523.380743,3493.176895
SWE,Sweden,15290.616,15475.01348,15434.23039,15410.69913,15522.1335,15470.86807,15681.61527,16020.98031,15709.42967,15360.17889,15420.97314,15430.96395,15262.58727,15257.93575,14869.34898,14143.01101,14934.32696,14030.16315,14289.59509,13870.38991,13480.14822
CHE,Switzerland,7155.485684,7283.380159,7393.539173,7341.612373,7481.433547,7646.706162,7845.634548,7992.277576,8031.432226,8195.120835,8205.829119,8305.371102,8360.576135,8163.295576,8305.923042,8021.223604,8174.408162,7928.19067,7886.094306,7807.058815,7520.166025
SYR,Syrian Arab Republic,752.9470374,834.250303,895.9214363,918.4986543,964.4178894,1020.237402,1071.644027,1146.823268,1227.859136,1279.799239,1377.736693,1479.96425,1508.387527,1478.964044,1500.18215,1472.152661,1744.012988,1551.423793,1233.191261,973.5380658,908.4689735
TJK,Tajikistan,2468.300703,2343.575822,2256.113725,1986.572327,2042.29304,2162.995299,2142.037986,2113.028784,2102.952495,2096.667932,2116.095915,2106.176159,2096.942833,2036.895322,1916.548105,1884.557687,1869.773448,1790.921536,1743.00329,1676.742525,1486.245831
TZA,Tanzania,48.31354803,55.95536738,59.92151823,54.77280674,59.52217121,55.04515076,57.45174692,61.0767311,66.37594571,66.32038995,77.76151323,77.61253596,63.72951743,79.75262161,84.29963795,70.97694971,94.98891467,85.94013564,96.30408083,98.67290426,101.9393027
THA,Thailand,1111.345997,1248.602562,1378.201121,1406.824969,1355.554391,1355.21152,1445.456005,1502.139234,1613.700353,1707.61343,1818.402691,1903.014462,1989.926798,2060.177874,2080.508893,2071.809904,2271.449967,2244.049097,2396.936606,2462.926749,2483.557147
TLS,Timor-Leste,,,,,,,,,,,,,,,,,,,,,
TGO,Togo,78.67835993,99.54280411,101.8920201,103.2106346,104.2658699,111.1352829,93.64950525,97.36803134,94.66939365,101.2728092,105.476551,107.5005817,106.3967424,100.2060839,102.5314336,121.2760744,121.274739,131.7296203,141.1941007,141.2844984,151.4739278
TON,Tonga,,,,,,,,,,,,,,,,,,,,,
TTO,Trinidad and Tobago,2774.719089,2975.940151,3114.735876,3479.821662,3592.242993,3631.327224,3798.219941,3896.704461,3875.289384,4525.144287,4453.515059,4871.172142,5022.808168,5359.382638,5389.850539,5389.700619,5828.563649,6006.253433,6217.242028,6434.936758,6661.101388
TUN,Tunisia,736.8364985,746.817713,757.5380015,796.5098785,837.3334788,915.2981891,958.2227031,1014.494769,1042.541622,969.3148717,1007.459514,1054.162242,1077.782944,1121.035651,1159.322047,1243.543514,1332.438371,1288.190703,1367.592287,1382.089158,1408.091103
TUR,Turkiye,1130.847589,1210.376982,1309.173055,1418.71168,1497.810071,1534.209962,1630.232687,1591.190856,1646.055475,1751.214012,1870.234709,1990.401969,2152.631186,2328.35513,2401.125558,2291.627145,2463.859758,2666.738378,2749.713681,2747.584087,2848.971658
TKM,Turkmenistan,1661.732039,1555.378845,1434.286587,1169.198785,1547.77698,1400.553067,1672.527736,1755.519953,1742.723083,1708.346396,1867.507975,1996.612615,2054.085675,2184.921712,2241.924298,2274.869295,2300.31682,2328.005968,2343.972409,2452.296229,2585.662543
TCA,Turks and Caicos Islands,,,,,,,,,,,,,,,,,,,,,
TUV,Tuvalu,,,,,,,,,,,,,,,,,,,,,
UGA,Uganda,,,,,,,,,,,,,,,,,,,,,
UKR,Ukraine,3475.137419,3348.895808,3060.335541,2958.556842,2839.453978,2792.104521,2778.400252,2791.765305,2844.812724,2997.974461,3151.145969,3246.034284,3399.519695,3528.92445,3534.357992,3227.953261,3549.844551,3662.444428,3640.553483,3600.225704,3418.569317
ARE,United Arab Emirates,9274.271111,9329.955612,9388.452367,9655.444648,10817.38916,11700.16558,11782.92406,11601.53529,11969.76598,12036.8916,12184.28989,13161.19882,12651.06796,12029.54591,11457.091,10518.79703,10695.28993,10732.80464,10988.96026,11271.10654,11562.98852
GBR,United Kingdom,5380.264265,5575.808489,5815.828404,5831.957547,5908.87149,6007.484416,6114.529259,6141.982551,6142.749834,6174.550896,6138.754137,6270.984059,6200.554113,6102.396768,6015.726861,5643.128595,5700.855864,5471.933475,5449.259473,5409.626422,5130.390253
USA,United States,12455.16217,12659.60763,12854.29891,12889.83228,13154.76303,13281.86998,13671.05202,13046.61415,13296.1823,13307.49201,13388.58971,13704.57705,13583.26696,13657.45283,13663.42797,12913.71469,13394.90276,13245.88193,12964.18794,13004.02357,12993.96558
URY,Uruguay,1491.875252,1586.198298,1646.60809,1745.417432,1823.039505,1932.318236,2048.159542,2016.092997,2010.621088,1893.237935,1934.938157,2004.421785,2226.782675,2421.401342,2597.623711,2674.51638,2821.349434,2828.383909,2953.309763,3008.712935,3093.173789
UZB,Uzbekistan,1924.476024,1844.195743,1827.771798,1815.819496,1779.884412,1745.953072,1780.457924,1769.396081,1775.809844,1764.456256,1765.480285,1717.201055,1755.759629,1664.061337,1652.65101,1643.149881,1653.467496,1631.526207,1610.807906,1637.194477,1645.441629
VUT,Vanuatu,,,,,,,,,,,,,,,,,,,,,
VEN,"Venezuela, RB",2645.277102,2630.445004,2650.881996,2676.845869,2645.697706,2577.590149,2641.915669,2706.730327,2733.456795,2640.909294,2772.150927,2860.910236,2971.432341,2988.726979,3091.913666,3058.575626,3165.068096,3233.313373,3292.113931,3292.711671,2705.604013
VNM,Viet Nam,131.3635477,155.4926571,182.5303315,205.7623909,235.9441443,256.2602215,289.9198596,330.3148871,381.7351061,437.5899231,488.3780921,574.690835,650.3255439,733.7344875,808.6125112,912.5385367,1028.943584,1109.326311,1213.072693,1283.71444,1431.164341
VIR,Virgin Islands (U.S.),,,,,,,,,,,,,,,,,,,,,
PSE,West Bank and Gaza,,,,,,,,,,,,,,,,,,,,,
YEM,"Yemen, Rep.",112.5815437,118.546843,114.9008392,127.9467424,125.0558478,123.602284,133.3963186,137.9583635,145.6716621,155.7794498,163.4077874,173.2121846,182.5979052,198.5289162,215.9543545,212.6961056,238.4825767,181.1144071,180.8690569,233.8793186,204.5161902
ZMB,Zambia,765.6165479,744.230715,719.2750319,670.7429502,613.2881227,617.2802294,629.2502701,649.0407541,672.5163951,689.0587382,707.362505,710.1679483,716.4475628,669.5654831,589.3581295,564.0449713,582.580474,620.9950585,719.3113601,731.9342019,701.940863
ZWE,Zimbabwe,806.458,854.1900108,895.4953364,924.4524991,891.381671,935.265909,901.4188475,872.9761737,876.121143,872.8179964,845.8268772,881.0811965,859.5765456,748.3192735,619.3454253,578.3998341,599.9328181,629.8276841,601.8696405,619.2356092,597.2970217
AFE,Africa Eastern and Southern,722.7391427,733.3060395,812.7949809,824.3329193,786.0145103,763.7064845,773.9795066,737.4134626,762.543066,768.2350392,771.9625006,775.3353596,783.748463,790.6646844,754.2110339,717.7699654,734.3057708,734.8228075,697.6579894,691.9580898,680.1499426
AFW,Africa Western and Central,131.4432124,132.8363373,130.5807617,132.3792471,119.2696822,125.539054,115.9705296,118.1559735,132.5799801,122.647806,137.33014,143.5521397,143.1173431,156.3012098,152.3817418,150.6239014,162.6672696,172.5106038,182.7221635,178.4224043,183.4402065
ARB,Arab World,1219.722767,1244.922015,1281.519288,1323.272799,1412.682971,1461.552638,1491.965863,1552.438738,1618.80747,1688.369214,1735.715814,1808.906369,1904.01982,1953.209551,2013.223863,2065.782064,2237.153327,2275.266995,2315.981354,2369.437907,2440.349651
CSS,Caribbean small states,,,,,,,2751.273566,2792.850554,2848.071173,3074.292064,3048.65681,3204.185388,3235.190152,3071.286087,2652.586806,2691.495094,2817.533823,2905.474071,2871.761608,2962.448237,3053.974642
CEB,Central Europe and the Baltics,3172.222718,3299.390049,3426.015136,3383.432546,3337.015191,3281.614517,3341.726801,3430.725054,3454.635941,3588.323461,3676.626455,3739.653466,3888.525599,3984.588999,4048.765487,3840.536028,4017.412247,4096.894084,4093.459357,4075.34293,4115.630201
EAR,Early-demographic dividend,604.0395312,620.4893545,646.421341,671.4988471,688.8624344,701.753326,723.4467226,730.023195,751.1040575,785.465933,810.4222477,842.2141873,883.0418111,916.863478,936.8482853,951.3415806,1004.822906,1054.366468,1080.87671,1105.444772,1136.250463
EAS,East Asia & Pacific,1335.039396,1387.911013,1449.969194,1499.180498,1512.85312,1564.89885,1664.028246,1726.042797,1824.698438,1947.118721,2112.313205,2258.802238,2431.936379,2642.571249,2696.30009,2791.099853,3071.401524,3268.766767,3381.784565,3567.221542,3661.130009
EAP,East Asia & Pacific (excluding high income),642.3861039,680.4402421,727.9448805,759.7366285,771.5436106,807.338213,873.9161931,939.2803932,1029.033474,1167.315788,1323.540294,1467.359347,1654.094112,1863.209494,1952.144564,2079.861513,2327.984348,2573.732231,2708.883911,2919.775409,3033.604944
TEA,East Asia & Pacific (IDA & IBRD countries),638.883814,677.7203813,726.890658,760.2482556,773.4912035,809.0325347,876.2124393,942.1070365,1033.268163,1172.832051,1330.703166,1476.014187,1665.420621,1877.665408,1967.004547,2097.284263,2348.340485,2598.245608,2735.040522,2948.927674,3064.325218
EMU,Euro area,5395.286178,5517.002249,5653.752619,5751.434168,5883.117407,6015.922835,6189.136876,6332.687258,6437.136578,6575.178256,6698.27863,6743.23725,6815.67137,6822.452471,6817.115214,6461.975683,6736.819359,6608.911353,6601.402336,6501.784949,6319.743151
ECS,Europe & Central Asia,4598.62119,4644.843371,4688.847984,4697.994254,4739.042208,4809.137146,4937.535566,5028.524445,5074.601745,5188.673359,5295.353421,5374.531238,5489.984675,5550.262657,5581.271231,5293.164759,5526.002019,5486.993547,5520.487624,5460.26263,5374.901309
ECA,Europe & Central Asia (excluding high income),3543.57506,3478.842891,3396.218378,3330.984399,3286.186655,3326.188706,3428.177273,3467.451371,3488.685791,3610.294968,3712.97532,3804.326756,3995.166332,4111.948647,4181.38921,3962.343037,4174.49874,4273.838014,4347.900325,4316.931658,4343.619711
TEC,Europe & Central Asia (IDA & IBRD countries),3411.067165,3368.705731,3314.133215,3256.099424,3211.080226,3234.699109,3332.619113,3373.222781,3390.608991,3513.540265,3614.181467,3699.614757,3881.623479,3994.395884,4065.965218,3855.890523,4065.107047,4162.209127,4226.064128,4198.116405,4228.472385
EUU,European Union,5133.194247,5256.018776,5388.165038,5448.607402,5541.598446,5624.25445,5780.010738,5916.734134,5996.175788,6126.976688,6241.935402,6295.171088,6380.515299,6405.322746,6409.017747,6082.272577,6350.118405,6247.455559,6247.725054,6160.360595,6021.525547
FCS,Fragile and conflict affected situations,713.8787456,692.5257676,655.4615214,640.2723984,621.2115022,608.3642163,594.6178242,598.2767116,612.7577995,611.9803523,643.4359681,639.8696658,661.0790288,661.8621158,649.888523,621.2187194,680.8483374,682.280555,642.376917,642.1532269,590.5382742
HPC,Heavily indebted poor countries (HIPC),,,,,,,129.9518096,139.9000652,139.8462706,142.6996616,151.0141412,157.1570427,167.1825034,169.446238,168.964246,171.0091092,180.7012492,186.89462,199.7156586,205.2683979,211.4395837
HIC,High income,7637.665541,7816.673243,7989.995409,8094.409512,8242.624164,8387.872606,8663.221761,8584.522927,8736.018035,8820.093779,8954.27419,9120.213243,9135.042683,9225.025215,9183.848915,8783.874153,9157.490377,9049.243676,8989.59938,8989.369119,8930.522686
IBD,IBRD only,1018.664994,1041.446607,1068.349968,1088.926045,1097.265385,1117.923832,1167.186754,1193.234384,1246.060876,1335.553028,1427.651696,1511.184887,1633.176549,1755.643958,1811.90707,1852.715636,2012.800505,2158.452713,2233.642062,2336.464343,2398.413674
IBT,IDA & IBRD total,880.3474024,896.2857586,917.0843456,932.4782946,936.7211614,953.3268589,990.5332193,1010.677266,1052.757699,1124.339851,1199.051888,1265.812431,1362.764416,1457.903016,1497.958546,1527.93082,1654.810924,1766.816953,1819.466287,1897.985953,1943.534549
IDB,IDA blend,352.7131548,350.1800772,347.9374375,346.5706579,332.0101558,331.8730323,335.2047727,333.4473106,343.4300191,350.0738242,363.3652043,374.0023125,380.1925364,377.1888083,353.6290505,354.2107551,363.1825784,363.3495802,361.4921541,371.3637852,369.385439
IDX,IDA only,161.7807454,166.4438897,167.3173879,165.83247,163.8515581,174.5680032,181.1451712,189.8268492,194.3170274,202.134549,217.0234693,226.7893664,238.5666785,243.8239817,244.7071404,248.4510383,271.0632368,275.9110848,274.4477529,275.8913741,278.8912533
IDA,IDA total,236.6946228,237.6099917,237.4943647,236.2788141,229.5571507,236.1604965,240.7819529,245.58153,252.2852603,259.6965947,274.0307519,284.1976297,293.8518292,295.9385088,287.355037,289.9751204,307.33179,310.4115426,308.5353097,313.3139252,314.3901966
LTE,Late-demographic dividend,1319.734693,1352.541788,1388.750023,1409.369937,1416.692556,1457.607203,1538.257665,1591.431275,1679.170982,1828.912626,1986.329083,2133.919867,2340.45697,2554.646076,2655.550363,2738.052813,3008.677768,3244.966045,3385.666491,3577.939288,3692.338509
LCN,Latin America & Caribbean,1303.951639,1347.157782,1389.246237,1453.155184,1512.261896,1538.230756,1598.790836,1566.604774,1592.40843,1666.671388,1701.316015,1754.779246,1802.554112,1864.643582,1918.955756,1900.162221,1991.942235,2082.123245,2134.222559,2155.930672,2161.240262
LAC,Latin America & Caribbean (excluding high income),1220.533266,1261.758251,1299.8009,1361.627342,1423.631823,1447.439319,1505.746612,1462.508996,1486.116635,1565.913046,1591.102506,1642.316271,1682.856724,1743.576011,1796.238988,1777.93127,1870.045035,1955.84886,2001.374442,2021.674856,2058.231008
TLA,Latin America & the Caribbean (IDA & IBRD countries),1312.261667,1355.810626,1397.395652,1461.149383,1521.247877,1546.883775,1607.392272,1574.027766,1599.699998,1675.223827,1710.875876,1765.763978,1813.018861,1874.73892,1929.707518,1910.153512,2004.281922,2095.545202,2148.196662,2169.106045,2174.09136
LDC,Least developed countries: UN classification,75.0272035,77.30515737,78.34000913,79.03549653,79.28353859,84.21089266,88.49566844,97.68595841,101.998997,109.7479419,123.7773055,129.7319869,140.2422706,145.2444727,146.3139906,154.210073,168.3403639,176.0157662,185.4298682,198.7556576,209.6173072
LMY,Low & middle income,841.4222881,856.329308,875.4484921,890.724366,895.3677771,913.4884014,950.4249297,970.2459192,1013.092693,1084.549327,1158.547651,1225.463142,1321.582375,1416.831675,1456.602016,1489.174146,1615.325051,1726.801787,1779.566905,1859.337395,1908.220144
LIC,Low income,,,,,,,,,,,,,,,,,,,,,
LMC,Lower middle income,439.6575875,444.3863216,442.7468236,450.7815163,454.4454657,461.2192449,467.6218536,473.6251223,490.5552102,513.6335122,537.5426497,557.6957049,590.7311977,616.9908177,629.513405,648.8981442,692.1374857,730.4982385,752.7548631,779.8345646,806.9322131
MEA,Middle East & North Africa,1378.045488,1410.078905,1466.137466,1516.01069,1609.445396,1670.407785,1719.606081,1793.201936,1873.459509,1965.541082,2027.450217,2102.299849,2212.088889,2274.398784,2348.357709,2396.334686,2577.905201,2612.37367,2669.603033,2714.197139,2803.273458
MNA,Middle East & North Africa (excluding high income),824.7015576,846.7145135,892.3783432,922.2105951,964.3578944,1002.041351,1037.786425,1085.058857,1144.59042,1190.231636,1256.341776,1280.326304,1352.472798,1385.593739,1420.324763,1452.791423,1576.463188,1601.92902,1591.529641,1621.643888,1642.158273
TMN,Middle East & North Africa (IDA & IBRD countries),824.7015576,846.7145135,892.3783432,922.2105951,964.3578944,1002.041351,1037.786425,1085.058857,1144.59042,1190.231636,1256.341776,1280.326304,1352.472798,1385.593739,1420.324763,1452.791423,1576.463188,1601.92902,1591.529641,1621.643888,1642.158273
MIC,Middle income,870.4935779,886.3308606,906.9503612,923.6707331,929.3213395,948.0526988,989.02239,1009.450531,1054.951258,1129.90457,1207.716922,1278.330792,1380.331361,1482.067062,1524.833461,1560.702426,1693.891885,1814.647556,1876.543279,1963.586924,2016.985777
NAC,North America,12845.61964,13043.53455,13225.9472,13261.85849,13478.08616,13615.61689,14001.20834,13419.03199,13656.44242,13691.15509,13769.83134,14023.67911,13871.14348,13955.28481,13930.9151,13164.35199,13580.59419,13483.99377,13200.44502,13278.45725,13253.82147
OED,OECD members,6869.644745,7017.474844,7160.719186,7248.054225,7365.121329,7483.73836,7722.03663,7627.526888,7742.68145,7802.429375,7905.917965,8036.960685,8041.423128,8122.17922,8081.080426,7713.598809,8021.669825,7936.725574,7867.089128,7845.751375,7760.988676
OSS,Other small states,,,,,,,,,,,,,,,,,,,,,
PSS,Pacific island small states,,,,,,,,,,,,,,,,,,,,,
PST,Post-demographic dividend,7827.168769,7996.481604,8150.39972,8245.883874,8381.090094,8523.954833,8797.492264,8702.869262,8854.654948,8921.793576,9061.339262,9225.469957,9228.177607,9318.516477,9271.533167,8847.860098,9223.910299,9102.661074,9014.474802,9003.642642,8898.940951
PRE,Pre-demographic dividend,184.1004417,187.6151706,183.1012069,180.2972669,175.5702542,174.2833815,169.6453759,178.1715661,189.237464,181.5473336,203.5557384,186.4344092,195.6112323,194.334039,189.6636668,194.7877824,226.6981551,236.3685114,233.6141581,250.4235915,252.867906
SST,Small states,,,,,,,,,,,,,,,,,,,,,
SAS,South Asia,306.1373122,321.4809687,322.4020311,335.0450564,341.6260698,348.2607131,351.8135316,352.9281204,366.8811309,385.1229908,406.5585354,423.9543976,459.7910642,485.2104782,496.458846,528.3667745,562.9528462,606.5608665,627.4785004,663.3339181,694.2292034
TSA,South Asia (IDA & IBRD),306.1373122,321.4809687,322.4020311,335.0450564,341.6260698,348.2607131,351.8135316,352.9281204,366.8811309,385.1229908,406.5585354,423.9543976,459.7910642,485.2104782,496.458846,528.3667745,562.9528462,606.5608665,627.4785004,663.3339181,694.2292034
SSF,Sub-Saharan Africa,494.6061334,502.1307629,549.7806066,557.0387615,528.1582964,516.711163,510.2122991,488.8425443,509.3349092,508.3716795,516.162452,520.3755564,524.9774138,534.2468703,510.7918589,488.1930875,502.7058851,506.8491142,491.8295924,486.7079304,481.6401028
SSA,Sub-Saharan Africa (excluding high income),494.6061334,502.1307629,549.7806066,557.0387615,528.1582964,516.711163,510.2122991,488.8425443,509.3349092,508.3716795,516.162452,520.3755564,524.9774138,534.2468703,510.7918589,488.1930875,502.7058851,506.8491142,491.8295924,486.7079304,481.6401028
TSS,Sub-Saharan Africa (IDA & IBRD countries),494.6061334,502.1307629,549.7806066,557.0387615,528.1582964,516.711163,510.2122991,488.8425443,509.3349092,508.3716795,516.162452,520.3755564,524.9774138,534.2468703,510.7918589,488.1930875,502.7058851,506.8491142,491.8295924,486.7079304,481.6401028
UMC,Upper middle income,1253.74586,1284.946195,1329.107852,1357.30671,1368.555597,1402.427551,1479.929726,1519.057027,1596.99378,1727.469381,1863.933844,1990.409819,2167.834501,2353.05011,2434.042427,2494.440252,2728.976682,2944.440869,3056.182699,3215.10565,3305.888528
WLD,World,2159.510024,2192.729312,2231.287407,2253.593944,2275.120183,2306.894636,2375.005486,2367.466447,2421.223566,2485.887563,2562.836432,2639.814553,2715.418501,2804.284364,2825.213974,2775.856895,2938.424101,3002.353873,3026.099466,3084.479773,3105.385117